INSERT INTO TRAIL(ID, CITY, DESCRIPTION, DIFFICULTY, LAST_MAINTENANCE_DATE, NAME, OPENING_DATE, STATUS, AVERAGE_SCORE)
VALUES('1', 'quebec', 'premier trail', 1, parseDatetime('2021-12-31', 'yyyy-MM-dd'), 'bonsoir1', parseDatetime('1999-12-31', 'yyyy-MM-dd'), 1, 1.0);

INSERT INTO TRAIL(ID, CITY, DESCRIPTION, DIFFICULTY, LAST_MAINTENANCE_DATE, NAME, OPENING_DATE, STATUS, AVERAGE_SCORE)
VALUES('2', 'montreal', 'deuxieme trail', 1, parseDatetime('2021-12-30', 'yyyy-MM-dd'), 'bonsoir2', parseDatetime('1998-12-31', 'yyyy-MM-dd'), 0, 2.0);

INSERT INTO TRAIL(ID, CITY, DESCRIPTION, DIFFICULTY, LAST_MAINTENANCE_DATE, NAME, OPENING_DATE, STATUS, AVERAGE_SCORE)
VALUES('3', 'jsp', 'troisieme trail', 1, parseDatetime('2021-12-29', 'yyyy-MM-dd'), 'bonsoir3', parseDatetime('1997-12-31', 'yyyy-MM-dd'), 1, 4);

INSERT INTO EVENT(ID, DESCRIPTION, NAME, ORGANIZER, START_DATE, TRAIL)
VALUES('1', 'un endroit magnifiiiiique', 'event de bob1', 'bob1', parseDatetime('2022-01-02', 'yyyy-MM-dd'), '1');

INSERT INTO EVENT(ID, DESCRIPTION, NAME, ORGANIZER, START_DATE, TRAIL)
VALUES('2', 'un endroit incroyaaable', 'event de bob2', 'bob2', parseDatetime('2022-01-02', 'yyyy-MM-dd'), '2');

INSERT INTO EVENT(ID, DESCRIPTION, NAME, ORGANIZER, START_DATE, TRAIL)
VALUES('3', 'jsp', 'event de bob2', 'bob2', parseDatetime('2022-03-14', 'yyyy-MM-dd'), '3');

insert into ROLE (ID, ROLE_NAME)
values ('1', 'ADMIN');

insert into ROLE (ID, ROLE_NAME)
values ('2', 'USER');

INSERT INTO USER(ID, FIRSTNAME, LASTNAME, EMAIL, PASSWORD, PREFERRED_DIFFICULTY, ROLE_ID)
VALUES('1', 'Bob', 'JSP', 'a@bc.de', 'mdp1', 0, '1');

INSERT INTO USER(ID, FIRSTNAME, LASTNAME, EMAIL, PASSWORD, PREFERRED_DIFFICULTY, ROLE_ID)
VALUES('2', 'Bob2', 'JSP encore', 'z@a.ca', 'qwerty', 1, '2');

INSERT INTO RATING (ID, COMMENT, NOTE, TRAIL, USER)
VALUES('1', 'ark!', 1, '1', '2');

INSERT INTO RATING (ID, COMMENT, NOTE, TRAIL, USER)
VALUES('2', 'bof.....', 2, '2', '1');

INSERT INTO RATING (ID, COMMENT, NOTE, TRAIL, USER)
VALUES('3', 'Incroyable!!!!!!!!!!!!!!!!!!!', 4, '3', '1');